Here is the `sales_order_details.csv` with the `TransactionID` values changed to alphanumeric format, starting from `TS01` and incrementing sequentially.

### `sales_order_details.csv` (with alphanumeric `TransactionID`)

```csv
OrderID,TransactionID,Date,CustomerID,ProductID,Quantity,Price,StoreID
ORD001,TS01,2024-01-01,101,203,3,25.00,305
ORD002,TS02,2024-01-02,102,210,1,40.00,308
ORD003,TS03,2024-01-03,103,215,4,20.00,307
ORD004,TS04,2024-01-04,104,220,2,35.00,306
ORD005,TS05,2024-01-05,105,225,3,50.00,309
ORD006,TS06,2024-01-06,106,230,1,45.00,304
ORD007,TS07,2024-01-07,107,235,2,30.00,310
ORD008,TS08,2024-01-08,108,240,5,15.00,303
ORD009,TS09,2024-01-09,109,245,4,60.00,311
ORD010,TS10,2024-01-10,110,250,2,25.00,312
ORD011,TS11,2024-01-11,101,204,1,50.00,306
ORD012,TS12,2024-01-12,102,209,3,30.00,308
ORD013,TS13,2024-01-13,103,214,2,40.00,307
ORD014,TS14,2024-01-14,104,219,4,20.00,305
ORD015,TS15,2024-01-15,105,224,1,55.00,310
ORD016,TS16,2024-01-16,106,229,3,35.00,309
ORD017,TS17,2024-01-17,107,234,2,45.00,308
ORD018,TS18,2024-01-18,108,239,4,20.00,311
ORD019,TS19,2024-01-19,109,244,3,60.00,312
ORD020,TS20,2024-01-20,110,249,2,30.00,307
ORD021,TS21,2024-01-21,101,205,5,25.00,303
ORD022,TS22,2024-01-22,102,208,1,40.00,310
ORD023,TS23,2024-01-23,103,213,2,30.00,306
ORD024,TS24,2024-01-24,104,218,4,35.00,307
ORD025,TS25,2024-01-25,105,223,3,50.00,308
ORD026,TS26,2024-01-26,106,228,1,45.00,304
ORD027,TS27,2024-01-27,107,233,4,20.00,309
ORD028,TS28,2024-01-28,108,238,2,25.00,311
ORD029,TS29,2024-01-29,,243,3,60.00,306
ORD030,TS30,2024-01-30,110,248,1,20.00,310
ORD031,TS31,2024-02-01,101,206,2,50.00,312
ORD032,TS32,2024-02-02,102,211,4,35.00,303
ORD033,TS33,2024-02-03,103,216,1,45.00,308
ORD034,TS34,2024-02-04,104,221,,25.00,305
ORD035,TS35,2024-02-05,105,226,2,40.00,310
ORD036,TS36,2024-02-06,106,231,3,50.00,307
ORD037,TS37,2024-02-07,107,236,1,20.00,308
ORD038,TS38,2024-02-08,108,241,4,55.00,306
ORD039,TS39,2024-02-09,109,246,2,60.00,311
ORD040,TS40,2024-02-10,110,247,3,30.00,312
ORD041,TS41,2024-02-11,101,207,1,45.00,305
ORD042,TS42,2024-02-12,102,212,4,20.00,308
ORD043,TS43,2024-02-13,103,217,2,35.00,309
ORD044,TS44,2024-02-14,104,222,1,50.00,310
ORD045,TS45,2024-02-15,105,227,3,30.00,307
ORD046,TS46,2024-02-16,106,232,2,40.00,304
ORD047,TS47,2024-02-17,107,237,4,60.00,311
ORD048,TS48,2024-02-18,108,242,1,25.00,303
ORD049,TS49,2024-02-19,109,247,2,35.00,308
ORD050,TS50,2024-02-20,110,250,3,55.00,309
ORD051,TS51,2024-03-01,101,208,2,20.00,306
ORD052,TS52,2024-03-02,102,213,1,45.00,310
ORD053,TS53,2024-03-03,103,,3,50.00,309
ORD054,TS54,2024-03-04,104,223,4,30.00,305
ORD055,TS55,2024-03-05,105,228,1,40.00,307
ORD056,TS56,2024-03-06,106,233,2,25.00,312
ORD057,TS57,2024-03-07,107,238,3,60.00,308
ORD058,TS58,2024-03-08,108,243,1,55.00,310
ORD059,TS59,2024-03-09,109,248,2,30.00,307
ORD060,TS60,2024-03-10,110,249,4,20.00,309
ORD061,TS61,2024-03-11,101,209,3,45.00,312
ORD062,TS62,2024-03-12,102,214,1,35.00,305
ORD063,TS63,2024-03-13,103,219,2,50.00,306
ORD064,TS64,2024-03-14,104,224,3,20.00,308
ORD065,TS65,2024-03-15,105,229,4,45.00,311
ORD066,TS66,2024-03-16,106,234,,40.00,307
ORD067,TS67,2024-03-17,107,239,2,55.00,310
ORD068,TS68,2024-03-18,108,244,3,30.00,306
ORD069,TS69,2024-03-19,109,249,4,60.00,312
ORD070,TS70,2024-03-20,110,250,1,35.00,308
ORD071,TS71,2024-03-21,101,210,2,50.00,305
ORD072,TS72,2024-03-22,102,215,3,25.00,309
ORD073,TS73,2024-03-23,103,220,4,40.00,311
ORD074,TS74,2024-03-24,104,225,1,35.00,310
ORD075,TS75,2024-03-25,105,230,2,60.00,306
ORD076,TS76,2024-03-26,106,235,3,20.00,307
ORD077,TS77,2024-03-27,107,240,4,50.00,308
ORD078,TS78,2024-03-28,108,245,1,45.00,311
ORD079,TS79,2024-03-29,109,250,2,30.00,309
ORD080,TS80,2024-03-30,110,201,3,60.00,306
ORD081,TS81,2024-04-01,101,206,1,35.00,310
ORD082,TS82,2024-04-02,102,211,3,40.00,307
ORD083,TS83,2024-04-03,103,216,2,50.00,308
ORD084,TS84,2024-04-04,104,221,4,25.00,309
ORD085,TS85,2024-04-05,105,226,3,60.00,305
ORD086,TS86,2024-04-06,106,231,1,20.00,310
ORD087,TS87,2024-04-07,107,236,2,35.00,307
ORD088,TS88,2024-04-08,108,241,4,50.00,311
ORD089,TS89,2024-04-09,109,246,3,20.00,306
ORD090,TS90,2024-04-10,110,247,2,55.00,308
ORD091,TS91,2024-04-11,101,207,4,60.00,312
ORD092,TS92,2024-04-12,102,212,1,35.00,310
ORD093,TS93,2024-04-13,103,217,3,50.00,307
ORD094,TS94,2024-04-14,104,222,2,25.00,308
ORD095,TS95,2024-04-15,105,227,4,30.00,306
ORD096,TS96,2024-04-16,106,232,1,40.00,310
ORD097,TS97,2024-04-17,107,237,2,55.00,309
ORD098,TS98,2024-04-18,108,242,3,35.00,307
ORD099,TS99,2024-04-19,109,247,4,50.00,311
ORD100,TS100,2024-04-20,110,250,1,60.00,306
ORD101,TS101,2024-05-01,101,208,2,30.00,305
ORD102,TS102,2024-05-02,102,213,3,50.00,309
ORD103,TS103,2024-05-03,103,218,1,45.00,307
ORD104,TS104,2024-05-04,104,223,2,35.00,310
ORD105,TS105,2024-05-05,105,228,4,60.00,308
ORD106,TS106,2024-05-06,106,233,1,20.00,307
ORD107,TS107,2024-05-07,107,238,3,50.00,309
ORD108,TS108,2024-05-08,108,243,2,25.00,306
ORD109,TS109,2024-05-09,109,248,4,60.00,311
ORD110,TS110,2024-05-10,110,249,1,35.00,310
ORD111,TS111,2024-05-11,101,209,2,50.00,307
ORD112,TS112,2024-05-12,102,214,3,20.00,308
ORD113,TS113,2024-05-13,103,219,2,35.00,306
ORD114,TS114,2024-05-14,104,224,4,60.00,310
ORD115,TS115,2024-05-15,105,229,1,45.00,311
ORD116,TS116,2024-05-16,106,234,2,25.00,308
ORD117,TS117,2024-05-17,107,239,3,30.00,306
ORD118,TS118,2024-05-18,108,244,1,40.00,307
ORD119,TS119,2024-05-19,109,250,2,55.00,310
ORD120,TS120,2024-05-20,110,201,3,60.00,308
